"Id","OwnerId","IsDeleted","Name","CreatedDate","CreatedById","LastModifiedDate","LastModifiedById","SystemModstamp","LastViewedDate","LastReferencedDate","ConnectionReceivedId","ConnectionSentId","nFORCE__Group__c","nFORCE__Is_Hidden__c","nFORCE__Order__c","nFORCE__Parent_Route__c","nFORCE__Route__c","nFORCE__lookupKey__c","AutorabitExtId__c","nFORCE__Orchestration_Step__c","nFORCE__Primary_Button_Text__c","nFORCE__Has_Visibility_Criteria__c","nFORCE__Is_Default_Context_Child__c","nFORCE__Is_Forward_Navigation_Disabled__c","nFORCE__Question_Group__c","nFORCE__Visibility_Criteria__c","Route_App_Name__c","Route_Screen__c","nFORCE__Conditional_Display_Criteria__c"
"a2D5e0000000aiZEAQ","0055e000003ZErQAAW","","17806","2021-06-18T13:03:13.000Z","0055e000003ZErQAAW","2021-06-18T13:03:13.000Z","0055e000003ZErQAAW","","","","","","a2B5e00000011yTEAQ","false","0.0","","a2E5e000000Hv8lEAC","a2D5e0000000aiZEAQ","","","","false","false","false","","","","",""
"a2D5e0000000aiaEAA","0055e000003ZErQAAW","","17808","2021-06-18T13:03:13.000Z","0055e000003ZErQAAW","2021-06-18T13:03:13.000Z","0055e000003ZErQAAW","","","","","","a2B5e00000011yTEAQ","false","2.0","","a2E5e000000Hv8mEAC","a2D5e0000000aiaEAA","","","","false","false","false","","","","",""
"a2D5e0000000akPEAQ","0055e000003ZErQAAW","","17465","2021-06-18T13:03:13.000Z","0055e000003ZErQAAW","2021-10-10T18:04:13.000Z","0055e000003ZErQAAW","","","","","","a2B5e00000011yOEAQ","false","10.0","a2E5e000000HvHREA0","a2E5e000000Hv9pEAC","42781563816246900","","","","false","true","false","","","","",""
"a2D5e0000000akQEAQ","0055e000003ZErQAAW","","17467","2021-06-18T13:03:13.000Z","0055e000003ZErQAAW","2021-06-18T13:03:13.000Z","0055e000003ZErQAAW","","","","","","a2B5e00000011yOEAQ","false","10.0","a2E5e000000Hv9qEAC","a2E5e000000Hv9rEAC","791563816246929","","","","false","true","false","","","","",""
"a2D5e0000000akREAQ","0055e000003ZErQAAW","","17469","2021-06-18T13:03:13.000Z","0055e000003ZErQAAW","2021-06-18T13:03:13.000Z","0055e000003ZErQAAW","","","","","","a2B5e00000011yOEAQ","false","10.0","a2E5e000000Hv9sEAC","a2E5e000000Hv9tEAC","71041563816246900","","","","false","true","false","","","","",""
"a2D5e0000000akSEAQ","0055e000003ZErQAAW","","17470","2021-06-18T13:03:13.000Z","0055e000003ZErQAAW","2021-06-18T13:03:13.000Z","0055e000003ZErQAAW","","","","","","a2B5e00000011yOEAQ","false","20.0","a2E5e000000Hv9sEAC","a2E5e000000Hv9uEAC","57051563816246900","","","","false","false","false","","","","",""
"a2D5e0000000akTEAQ","0055e000003ZErQAAW","","17476","2021-06-18T13:03:13.000Z","0055e000003ZErQAAW","2021-06-18T13:03:13.000Z","0055e000003ZErQAAW","","","","","","a2B5e00000011yOEAQ","false","10.0","a2E5e000000Hv9xEAC","a2E5e000000Hv9yEAC","57631563816246900","","","","false","true","false","","","","",""
"a2D5e0000000akUEAQ","0055e000003ZErQAAW","","17477","2021-06-18T13:03:13.000Z","0055e000003ZErQAAW","2021-06-18T13:03:13.000Z","0055e000003ZErQAAW","","","","","","a2B5e00000011yOEAQ","false","20.0","a2E5e000000Hv9xEAC","a2E5e000000Hv9zEAC","55841563816246900","","","","false","false","false","","","","",""
"a2D5e0000000akVEAQ","0055e000003ZErQAAW","","17489","2021-06-18T13:03:13.000Z","0055e000003ZErQAAW","2021-10-10T18:04:13.000Z","0055e000003ZErQAAW","","","","","","a2B5e00000011yOEAQ","false","10.0","a2E5e000000HvA5EAK","a2E5e000000HvA6EAK","27521563816246900","","","","false","true","false","","","","",""
"a2D5e0000000akWEAQ","0055e000003ZErQAAW","","17490","2021-06-18T13:03:13.000Z","0055e000003ZErQAAW","2021-06-18T13:03:13.000Z","0055e000003ZErQAAW","","","","","","a2B5e00000011yOEAQ","false","20.0","a2E5e000000HvA5EAK","a2E5e000000HvA7EAK","47531563816246900","","","","false","false","false","","","","",""
"a2D5e0000000akXEAQ","0055e000003ZErQAAW","","17506","2021-06-18T13:03:13.000Z","0055e000003ZErQAAW","2021-10-10T18:04:13.000Z","0055e000003ZErQAAW","","","","","","a2B5e00000011yPEAQ","false","10.0","","a2E5e000000HvAGEA0","a2D5e0000000akXEAQ","","","","false","false","false","","","","",""
"a2D5e0000000akYEAQ","0055e000003ZErQAAW","","17507","2021-06-18T13:03:13.000Z","0055e000003ZErQAAW","2021-06-18T13:03:13.000Z","0055e000003ZErQAAW","","","","","","a2B5e00000011yPEAQ","false","20.0","","a2E5e000000HvAHEA0","a2D5e0000000akYEAQ","","","","false","false","false","","","","",""
"a2D5e0000000akZEAQ","0055e000003ZErQAAW","","17508","2021-06-18T13:03:13.000Z","0055e000003ZErQAAW","2021-06-18T13:03:13.000Z","0055e000003ZErQAAW","","","","","","a2B5e00000011yPEAQ","false","30.0","","a2E5e000000HvAIEA0","a2D5e0000000akZEAQ","","","","false","false","true","","","","",""
"a2D5e0000000akvEAA","0055e000004FA6FAAW","","17926","2021-06-18T13:03:13.000Z","0055e000004FA6FAAW","2021-10-10T18:04:13.000Z","0055e000003ZErQAAW","","","","","","a2B5e00000011yOEAQ","false","10.0","","a2E5e000000HvHREA0","17391563816246900","","","","false","true","false","","","","",""
"a2D5e0000000akwEAA","0055e000004FA6FAAW","","17927","2021-06-18T13:03:13.000Z","0055e000004FA6FAAW","2021-06-18T13:03:13.000Z","0055e000003ZErQAAW","","","","","","a2B5e00000011yOEAQ","false","20.0","","a2E5e000000Hv9qEAC","a2D5e0000000akwEAA","","","","false","true","false","","","","",""
"a2D5e0000000akxEAA","0055e000004FA6FAAW","","17928","2021-06-18T13:03:13.000Z","0055e000004FA6FAAW","2021-06-18T13:03:13.000Z","0055e000003ZErQAAW","","","","","","a2B5e00000011yOEAQ","false","30.0","","a2E5e000000Hv9sEAC","23241563816246900","","","","false","true","false","","","","",""
"a2D5e0000000akyEAA","0055e000004FA6FAAW","","17929","2021-06-18T13:03:13.000Z","0055e000004FA6FAAW","2021-06-18T13:03:13.000Z","0055e000003ZErQAAW","","","","","","a2B5e00000011yOEAQ","false","40.0","","a2E5e000000Hv9vEAC","66181563816246900","","","","false","true","false","","","","",""
"a2D5e0000000akzEAA","0055e000004FA6FAAW","","17930","2021-06-18T13:03:13.000Z","0055e000004FA6FAAW","2021-06-18T13:03:13.000Z","0055e000003ZErQAAW","","","","","","a2B5e00000011yOEAQ","false","40.0","a2E5e000000Hv9vEAC","a2E5e000000Hv9vEAC","49021563816246900","","","","false","true","false","","","","",""
"a2D5e0000000al0EAA","0055e000004FA6FAAW","","17931","2021-06-18T13:03:13.000Z","0055e000004FA6FAAW","2021-10-10T18:04:13.000Z","0055e000003ZErQAAW","","","","","","a2B5e00000011yOEAQ","false","50.0","","a2E5e000000Hv9wEAC","34601563816246900","","","","false","true","false","","","","",""
"a2D5e0000000al1EAA","0055e000004FA6FAAW","","17932","2021-06-18T13:03:13.000Z","0055e000004FA6FAAW","2021-10-10T18:04:13.000Z","0055e000003ZErQAAW","","","","","","a2B5e00000011yOEAQ","false","50.0","a2E5e000000Hv9wEAC","a2E5e000000Hv9wEAC","67831563816246900","","","","false","true","false","","","","",""
"a2D5e0000000al2EAA","0055e000004FA6FAAW","","17933","2021-06-18T13:03:13.000Z","0055e000004FA6FAAW","2021-06-18T13:03:13.000Z","0055e000003ZErQAAW","","","","","","a2B5e00000011yOEAQ","false","60.0","","a2E5e000000Hv9xEAC","13061563816246900","","","","false","true","false","","","","",""
"a2D5e0000000al3EAA","0055e000004FA6FAAW","","17934","2021-06-18T13:03:13.000Z","0055e000004FA6FAAW","2021-06-18T13:03:13.000Z","0055e000003ZErQAAW","","","","","","a2B5e00000011yOEAQ","false","70.0","","a2E5e000000HvA0EAK","31381563816246900","","","","false","true","false","","","","",""
"a2D5e0000000al4EAA","0055e000004FA6FAAW","","17935","2021-06-18T13:03:13.000Z","0055e000004FA6FAAW","2021-06-18T13:03:13.000Z","0055e000003ZErQAAW","","","","","","a2B5e00000011yOEAQ","false","70.0","a2E5e000000HvA0EAK","a2E5e000000HvA0EAK","74951563816246900","","","","false","true","false","","","","",""
"a2D5e0000000al5EAA","0055e000004FA6FAAW","","17936","2021-06-18T13:03:13.000Z","0055e000004FA6FAAW","2021-06-18T13:03:13.000Z","0055e000003ZErQAAW","","","","","","a2B5e00000011yOEAQ","false","80.0","","a2E5e000000HvA1EAK","76051563816246900","","","","false","true","false","","","","",""
"a2D5e0000000al6EAA","0055e000004FA6FAAW","","17937","2021-06-18T13:03:13.000Z","0055e000004FA6FAAW","2021-06-18T13:03:13.000Z","0055e000003ZErQAAW","","","","","","a2B5e00000011yOEAQ","false","80.0","a2E5e000000HvA1EAK","a2E5e000000HvA1EAK","78231563816246900","","","","false","true","false","","","","",""
"a2D5e0000000al7EAA","0055e000004FA6FAAW","","17938","2021-06-18T13:03:13.000Z","0055e000004FA6FAAW","2021-06-18T13:03:13.000Z","0055e000003ZErQAAW","","","","","","a2B5e00000011yOEAQ","false","90.0","","a2E5e000000HvA2EAK","47791563816246900","","","","false","true","false","","","","",""
"a2D5e0000000al8EAA","0055e000004FA6FAAW","","17939","2021-06-18T13:03:13.000Z","0055e000004FA6FAAW","2021-06-18T13:03:13.000Z","0055e000003ZErQAAW","","","","","","a2B5e00000011yOEAQ","false","90.0","a2E5e000000HvA2EAK","a2E5e000000HvA2EAK","83841563816246900","","","","false","true","false","","","","",""
"a2D5e0000000al9EAA","0055e000004FA6FAAW","","17940","2021-06-18T13:03:13.000Z","0055e000004FA6FAAW","2021-06-18T13:03:13.000Z","0055e000003ZErQAAW","","","","","","a2B5e00000011yOEAQ","false","100.0","","a2E5e000000HvA3EAK","72571563816246900","","","","false","true","false","","","","",""
"a2D5e0000000alAEAQ","0055e000004FA6FAAW","","17941","2021-06-18T13:03:13.000Z","0055e000004FA6FAAW","2021-06-18T13:03:13.000Z","0055e000003ZErQAAW","","","","","","a2B5e00000011yOEAQ","false","100.0","a2E5e000000HvA3EAK","a2E5e000000HvA3EAK","19231563816246900","","","","false","true","false","","","","",""
"a2D5e0000000alBEAQ","0055e000004FA6FAAW","","17942","2021-06-18T13:03:13.000Z","0055e000004FA6FAAW","2021-06-18T13:03:13.000Z","0055e000003ZErQAAW","","","","","","a2B5e00000011yOEAQ","false","110.0","","a2E5e000000HvA4EAK","63311563816246900","","","","false","true","false","","","","",""
"a2D5e0000000alCEAQ","0055e000004FA6FAAW","","17943","2021-06-18T13:03:13.000Z","0055e000004FA6FAAW","2021-06-18T13:03:13.000Z","0055e000003ZErQAAW","","","","","","a2B5e00000011yOEAQ","false","110.0","a2E5e000000HvA4EAK","a2E5e000000HvA4EAK","39881563816246900","","","","false","true","false","","","","",""
"a2D5e0000000alDEAQ","0055e000004FA6FAAW","","17944","2021-06-18T13:03:13.000Z","0055e000004FA6FAAW","2021-06-18T13:03:13.000Z","0055e000003ZErQAAW","","","","","","a2B5e00000011yOEAQ","false","120.0","","a2E5e000000HvA5EAK","80611563816246900","","","","false","true","false","","","","",""
"a2D5e0000000alEEAQ","0055e000004FA6FAAW","","17945","2021-06-18T13:03:13.000Z","0055e000004FA6FAAW","2021-06-18T13:03:13.000Z","0055e000003ZErQAAW","","","","","","a2B5e00000011yOEAQ","false","10.0","","a2E5e000000HvA8EAK","19221563816246900","","","","false","true","false","","","","",""
"a2D5e0000000alFEAQ","0055e000004FA6FAAW","","17946","2021-06-18T13:03:13.000Z","0055e000004FA6FAAW","2021-06-18T13:03:13.000Z","0055e000003ZErQAAW","","","","","","a2B5e00000011yOEAQ","false","10.0","a2E5e000000HvA8EAK","a2E5e000000HvA8EAK","99641563816246900","","","","false","true","false","","","","",""
"a2D5e0000000alGEAQ","0055e000004FA6FAAW","","17947","2021-06-18T13:03:13.000Z","0055e000004FA6FAAW","2021-06-18T13:03:13.000Z","0055e000003ZErQAAW","","","","","","a2B5e00000011yOEAQ","false","20.0","","a2E5e000000HvA9EAK","69051563816246900","","","","false","true","false","","","","",""
"a2D5e0000000alHEAQ","0055e000004FA6FAAW","","17948","2021-06-18T13:03:13.000Z","0055e000004FA6FAAW","2021-06-18T13:03:13.000Z","0055e000003ZErQAAW","","","","","","a2B5e00000011yOEAQ","false","20.0","a2E5e000000HvA9EAK","a2E5e000000HvA9EAK","69211563816246900","","","","false","true","false","","","","",""
"a2D5e0000000alIEAQ","0055e000004FA6FAAW","","17949","2021-06-18T13:03:13.000Z","0055e000004FA6FAAW","2021-06-18T13:03:13.000Z","0055e000003ZErQAAW","","","","","","a2B5e00000011yOEAQ","false","30.0","","a2E5e000000HvAAEA0","37571563816246900","","","","false","true","false","","","","",""
"a2D5e0000000alJEAQ","0055e000004FA6FAAW","","17950","2021-06-18T13:03:13.000Z","0055e000004FA6FAAW","2021-06-18T13:03:13.000Z","0055e000003ZErQAAW","","","","","","a2B5e00000011yOEAQ","false","30.0","a2E5e000000HvAAEA0","a2E5e000000HvAAEA0","40001563816246900","","","","false","true","false","","","","",""
"a2D5e0000000alKEAQ","0055e000004FA6FAAW","","17951","2021-06-18T13:03:13.000Z","0055e000004FA6FAAW","2021-06-18T13:03:13.000Z","0055e000003ZErQAAW","","","","","","a2B5e00000011yOEAQ","false","40.0","","a2E5e000000HvABEA0","46251563816246900","","","","false","true","false","","","","",""
"a2D5e0000000alLEAQ","0055e000004FA6FAAW","","17952","2021-06-18T13:03:13.000Z","0055e000004FA6FAAW","2021-06-18T13:03:13.000Z","0055e000003ZErQAAW","","","","","","a2B5e00000011yOEAQ","false","40.0","a2E5e000000HvABEA0","a2E5e000000HvABEA0","19141563816246900","","","","false","true","false","","","","",""
"a2D5e0000000alMEAQ","0055e000004FA6FAAW","","17953","2021-06-18T13:03:13.000Z","0055e000004FA6FAAW","2021-06-18T13:03:13.000Z","0055e000003ZErQAAW","","","","","","a2B5e00000011yOEAQ","false","50.0","","a2E5e000000HvACEA0","29771563816246900","","","","false","true","false","","","","",""
"a2D5e0000000alNEAQ","0055e000004FA6FAAW","","17954","2021-06-18T13:03:13.000Z","0055e000004FA6FAAW","2021-06-18T13:03:13.000Z","0055e000003ZErQAAW","","","","","","a2B5e00000011yOEAQ","false","50.0","a2E5e000000HvACEA0","a2E5e000000HvACEA0","82851563816246900","","","","false","true","false","","","","",""
"a2D5e0000000alOEAQ","0055e000004FA6FAAW","","17955","2021-06-18T13:03:13.000Z","0055e000004FA6FAAW","2021-06-18T13:03:13.000Z","0055e000003ZErQAAW","","","","","","a2B5e00000011yOEAQ","false","60.0","","a2E5e000000HvADEA0","18251563816246900","","","","false","true","false","","","","",""
"a2D5e0000000alPEAQ","0055e000004FA6FAAW","","17956","2021-06-18T13:03:13.000Z","0055e000004FA6FAAW","2021-06-18T13:03:13.000Z","0055e000003ZErQAAW","","","","","","a2B5e00000011yOEAQ","false","60.0","a2E5e000000HvADEA0","a2E5e000000HvADEA0","671563816246932","","","","false","true","false","","","","",""
"a2D5e0000000alQEAQ","0055e000004FA6FAAW","","17957","2021-06-18T13:03:13.000Z","0055e000004FA6FAAW","2021-06-18T13:03:13.000Z","0055e000003ZErQAAW","","","","","","a2B5e00000011yOEAQ","false","15.0","","a2E5e000000HvAEEA0","31541563816246900","","","","false","true","false","","","","",""
"a2D5e0000000alREAQ","0055e000004FA6FAAW","","17958","2021-06-18T13:03:13.000Z","0055e000004FA6FAAW","2021-06-18T13:03:13.000Z","0055e000003ZErQAAW","","","","","","a2B5e00000011yOEAQ","false","15.0","a2E5e000000HvAEEA0","a2E5e000000HvAEEA0","17551563816246900","","","","false","true","false","","","","",""
"a2D5e0000000alSEAQ","0055e000004FA6FAAW","","17959","2021-06-18T13:03:13.000Z","0055e000004FA6FAAW","2021-06-18T13:03:13.000Z","0055e000003ZErQAAW","","","","","","a2B5e00000011yOEAQ","false","25.0","","a2E5e000000HvAFEA0","94611563816246900","","","","false","true","false","","","","",""
"a2D5e0000000alTEAQ","0055e000004FA6FAAW","","17960","2021-06-18T13:03:13.000Z","0055e000004FA6FAAW","2021-10-10T18:04:13.000Z","0055e000003ZErQAAW","","","","","","a2B5e00000011yOEAQ","true","75.0","","a2E5e000000Hv90EAC","85811563816246900","","","","false","true","false","","","","",""
"a2D5e0000000alUEAQ","0055e000004FA6FAAW","","17961","2021-06-18T13:03:13.000Z","0055e000004FA6FAAW","2021-06-18T13:03:13.000Z","0055e000003ZErQAAW","","","","","","a2B5e00000011yOEAQ","false","130.0","","a2E5e000000Hv91EAC","95461563816246900","","","","false","true","false","","","","","{{IF=""A""}}{{COND=""A"" FIELD=""LLC_BI__Product_Package__c.LLC_BI__Has_Syndicated_Loans__c"" IS=""TRUE""}}{{SHOW_ROUTE}}{{ENDIF}}"
"a2D5e0000000alVEAQ","0055e000004FA6FAAW","","17962","2021-06-18T13:03:13.000Z","0055e000004FA6FAAW","2021-06-18T13:03:13.000Z","0055e000003ZErQAAW","","","","","","a2B5e00000011yOEAQ","false","130.0","a2E5e000000Hv91EAC","a2E5e000000Hv91EAC","46101563816246900","","","","false","true","false","","","","",""
"a2D5e0000000apIEAQ","0055e000003ZErQAAW","","18345","2021-06-18T13:03:13.000Z","0055e000003ZErQAAW","2021-10-10T18:04:12.000Z","0055e000003ZErQAAW","","","","","","a2B5e00000011z6EAA","false","8500010.0","a2E5e000000HvGsEAK","a2E5e000000Hv8OEAS","42702590035882415","a2D5e0000000b5CEAQ","","","false","true","false","a2B5e00000011yQEAQ","","","",""
"a2D5e0000000apJEAQ","0055e000003ZErQAAW","","18346","2021-06-18T13:03:13.000Z","0055e000003ZErQAAW","2021-10-10T18:04:12.000Z","0055e000003ZErQAAW","","","","","","a2B5e00000011z6EAA","false","8500020.0","a2E5e000000HvGsEAK","a2E5e000000Hv8PEAS","42766341037837716","a2D5e0000000b5DEAQ","","","false","false","false","a2B5e00000011yKEAQ","","","",""
"a2D5e0000000apKEAQ","0055e000003ZErQAAW","","18347","2021-06-18T13:03:13.000Z","0055e000003ZErQAAW","2021-10-10T18:04:12.000Z","0055e000003ZErQAAW","","","","","","a2B5e00000011z6EAA","false","8500030.0","a2E5e000000HvGsEAK","a2E5e000000Hv8QEAS","42764863451808424","a2D5e0000000b5EEAQ","","","false","false","false","a2B5e00000011yLEAQ","","","",""
"a2D5e0000000apLEAQ","0055e000003ZErQAAW","","18348","2021-06-18T13:03:13.000Z","0055e000003ZErQAAW","2021-10-10T18:04:12.000Z","0055e000003ZErQAAW","","","","","","a2B5e00000011z6EAA","false","8500040.0","a2E5e000000HvGsEAK","a2E5e000000Hv8REAS","42077753128724203","a2D5e0000000b5FEAQ","","","false","false","false","a2B5e00000011yMEAQ","","","",""
"a2D5e0000000apMEAQ","0055e000003ZErQAAW","","18349","2021-06-18T13:03:13.000Z","0055e000003ZErQAAW","2021-10-10T18:04:12.000Z","0055e000003ZErQAAW","","","","","","a2B5e00000011z6EAA","false","8500050.0","a2E5e000000HvGsEAK","a2E5e000000Hv8SEAS","42056947696979527","a2D5e0000000b5GEAQ","","","false","false","false","a2B5e00000011yNEAQ","","","",""
"a2D5e0000000avNEAQ","0055e000003ZErQAAW","","0616","2021-06-18T13:03:13.000Z","0055e000003ZErQAAW","2021-06-18T13:03:13.000Z","0055e000003ZErQAAW","","","","","","a2B5e00000011zIEAQ","false","3.0","a2E5e000000HvDgEAK","a2E5e000000HvDkEAK","a2D5e0000000avNEAQ","","","","false","false","true","a2B5e00000011ySEAQ","","","",""
"a2D5e0000000avrEAA","0055e000003ZErQAAW","","0646","2021-06-18T13:03:13.000Z","0055e000003ZErQAAW","2021-06-18T13:03:13.000Z","0055e000003ZErQAAW","","","","","","a2B5e00000011zKEAQ","true","3.0","a2E5e000000HvE8EAK","a2E5e000000HvECEA0","33491585668912500","","","","false","false","true","a2B5e00000011ySEAQ","","","",""
"a2D5e0000000b2HEAQ","0055e000003ZErQAAW","","18497","2021-06-18T13:03:13.000Z","0055e000003ZErQAAW","2021-10-10T18:04:11.000Z","0055e000003ZErQAAW","","","","","","a2B5e00000011z9EAA","false","8500010.0","a2E5e000000HvGsEAK","a2E5e000000Hv8OEAS","505184987632510","a2D5e0000000b5KEAQ","","","false","true","false","a2B5e00000011yQEAQ","","","",""
"a2D5e0000000b2IEAQ","0055e000003ZErQAAW","","18498","2021-06-18T13:03:13.000Z","0055e000003ZErQAAW","2021-10-10T18:04:11.000Z","0055e000003ZErQAAW","","","","","","a2B5e00000011z9EAA","false","8500020.0","a2E5e000000HvGsEAK","a2E5e000000Hv8PEAS","986435101065","a2D5e0000000b5LEAQ","","","false","false","false","a2B5e00000011yKEAQ","","","",""
"a2D5e0000000b2JEAQ","0055e000003ZErQAAW","","18499","2021-06-18T13:03:13.000Z","0055e000003ZErQAAW","2021-10-10T18:04:11.000Z","0055e000003ZErQAAW","","","","","","a2B5e00000011z9EAA","false","8500030.0","a2E5e000000HvGsEAK","a2E5e000000Hv8QEAS","986435108484","a2D5e0000000b5MEAQ","","","false","false","false","a2B5e00000011yLEAQ","","","",""
"a2D5e0000000b2KEAQ","0055e000003ZErQAAW","","18500","2021-06-18T13:03:13.000Z","0055e000003ZErQAAW","2021-10-10T18:04:11.000Z","0055e000003ZErQAAW","","","","","","a2B5e00000011z9EAA","false","8500040.0","a2E5e000000HvGsEAK","a2E5e000000Hv8REAS","9864351068952","a2D5e0000000b5NEAQ","","","false","false","false","a2B5e00000011yMEAQ","","","",""
"a2D5e0000000b2LEAQ","0055e000003ZErQAAW","","18501","2021-06-18T13:03:13.000Z","0055e000003ZErQAAW","2021-10-10T18:04:11.000Z","0055e000003ZErQAAW","","","","","","a2B5e00000011z9EAA","false","8500050.0","a2E5e000000HvGsEAK","a2E5e000000Hv8SEAS","98643510665854","a2D5e0000000b5OEAQ","","","false","false","false","a2B5e00000011yNEAQ","","","",""
"a2D5e0000000b3HEAQ","0055e000003ZErQAAW","","18559","2021-06-18T13:03:13.000Z","0055e000003ZErQAAW","2021-06-18T13:03:13.000Z","0055e000003ZErQAAW","","","","","","a2B5e00000011zNEAQ","false","8500010.0","","a2E5e000000HvCxEAK","98431615577844332","a2D5e0000000b5dEAA","","","false","true","false","a2B5e00000011yQEAQ","","","",""
"a2D5e0000000b3IEAQ","0055e000003ZErQAAW","","18560","2021-06-18T13:03:13.000Z","0055e000003ZErQAAW","2021-06-18T13:03:13.000Z","0055e000003ZErQAAW","","","","","","a2B5e00000011zNEAQ","false","8500020.0","","a2E5e000000HvCyEAK","61041615577844332","a2D5e0000000b5eEAA","","","false","false","false","a2B5e00000011yKEAQ","","","",""
"a2D5e0000000b3JEAQ","0055e000003ZErQAAW","","18561","2021-06-18T13:03:13.000Z","0055e000003ZErQAAW","2021-06-18T13:03:13.000Z","0055e000003ZErQAAW","","","","","","a2B5e00000011zNEAQ","false","8500030.0","","a2E5e000000HvCzEAK","89301615577844333","a2D5e0000000b5fEAA","","","false","false","false","a2B5e00000011yLEAQ","","","",""
"a2D5e0000000b3KEAQ","0055e000003ZErQAAW","","18562","2021-06-18T13:03:13.000Z","0055e000003ZErQAAW","2021-06-18T13:03:13.000Z","0055e000003ZErQAAW","","","","","","a2B5e00000011zNEAQ","false","8500040.0","","a2E5e000000HvD0EAK","33171615577844333","a2D5e0000000b5gEAA","","","false","false","false","a2B5e00000011yMEAQ","","","",""
"a2D5e0000000b3LEAQ","0055e000003ZErQAAW","","18563","2021-06-18T13:03:13.000Z","0055e000003ZErQAAW","2021-06-18T13:03:13.000Z","0055e000003ZErQAAW","","","","","","a2B5e00000011zNEAQ","false","8500050.0","","a2E5e000000HvD1EAK","02581615577844334","a2D5e0000000b5hEAA","","","false","false","false","a2B5e00000011yNEAQ","","","",""
