"Id","IsDeleted","Name","CreatedDate","CreatedById","LastModifiedDate","LastModifiedById","SystemModstamp","ConnectionReceivedId","ConnectionSentId","nFORCE__Screen_Section__c","nFORCE__Display_Order__c","nFORCE__Field_Set_Key__c","nFORCE__Layout__c","nFORCE__Parent_Configuration__c","nFORCE__Parent_Relationship_Name__c","nFORCE__Section_Header__c","nFORCE__lookupKey__c","nFORCE__sObject_Type__c","AutorabitExtId__c","nFORCE__Filter_Criteria__c","nFORCE__Limit__c","nFORCE__Offset_By_Limit__c","nFORCE__Sort_Criteria__c","nFORCE__Unique__c"
"a2H5e000000IJr6EAG","","SC-000011289","2021-06-18T13:03:13.000Z","0055e000003ZErQAAW","2021-10-10T18:00:45.000Z","0055e000003ZErQAAW","","","","a2F5e000000553fEAA","1.01","","","","","","42814716829316640","LLC_BI__Loan__c","","","","false","","false"
"a2H5e000000IJr7EAG","","SC-000011290","2021-06-18T13:03:13.000Z","0055e000003ZErQAAW","2021-10-10T18:00:45.000Z","0055e000003ZErQAAW","","","","a2F5e000000553fEAA","2.01","LLC_BI__Entity_ID","","a2H5e000000IJr6EAG","LLC_BI__Legal_Entities__r","","42133223742251863","LLC_BI__Legal_Entities__c","","","","false","","false"
"a2H5e000000IJr8EAG","","SC-000011291","2021-06-18T13:03:13.000Z","0055e000003ZErQAAW","2021-10-10T18:00:45.000Z","0055e000003ZErQAAW","","","","a2F5e000000553fEAA","3.01","","","a2H5e000000IJr7EAG","LLC_BI__Account__r","","42335045047139733","Account","","","","false","","false"
"a2H5e000000IJr9EAG","","SC-000011292","2021-06-18T13:03:13.000Z","0055e000003ZErQAAW","2021-10-10T18:00:45.000Z","0055e000003ZErQAAW","","","","a2F5e000000553fEAA","4.01","LLC_BI__Bundle_ID","","a2H5e000000IJr8EAG","LLC_BI__Underwriting_Bundle__r","","42467482897158934","LLC_BI__Underwriting_Bundle__c","","","","false","","false"
"a2H5e000000IJrAEAW","","SC-000011293","2021-06-18T13:03:13.000Z","0055e000003ZErQAAW","2021-10-10T18:06:17.000Z","0055e000003ZErQAAW","","","","a2F5e000000553XEAQ","1.01","","a2C5e0000009dcMEAQ","","","","42687649982636770","LLC_BI__Loan__c","","","0.0","false","","false"
"a2H5e000000IJrBEAW","","SC-000011294","2021-06-18T13:03:13.000Z","0055e000003ZErQAAW","2021-10-10T18:06:17.000Z","0055e000003ZErQAAW","","","","a2F5e000000553XEAQ","2.01","","a2C5e0000009dcNEAQ","a2H5e000000IJrAEAW","LLC_BI__Account__r","","42640753029786082","Account","","","0.0","false","","false"
"a2H5e000000IJrCEAW","","SC-000011295","2021-06-18T13:03:13.000Z","0055e000003ZErQAAW","2021-10-10T18:06:17.000Z","0055e000003ZErQAAW","","","","a2F5e000000553XEAQ","3.01","","a2C5e0000009dcOEAQ","a2H5e000000IJrBEAW","LLC_BI__Legal_Entities__r","","42887180015658348","LLC_BI__Legal_Entities__c","","","0.0","false","","false"
"a2H5e000000IJrDEAW","","SC-000011296","2021-06-18T13:03:13.000Z","0055e000003ZErQAAW","2021-10-10T18:06:17.000Z","0055e000003ZErQAAW","","","","a2F5e000000553XEAQ","4.01","Credit_Memo_Standard_Loan_Exp","a2C5e0000009dcPEAQ","a2H5e000000IJrCEAW","LLC_BI__Loan__r","Loans","42106515362771567","LLC_BI__Loan__c","","","0.0","false","","false"
"a2H5e000000IJrEEAW","","SC-000011297","2021-06-18T13:03:13.000Z","0055e000003ZErQAAW","2021-10-10T18:06:17.000Z","0055e000003ZErQAAW","","","","a2F5e000000553XEAQ","4.02","Credit_Memo_Standard_Loan","a2C5e0000009dcQEAQ","a2H5e000000IJrCEAW","LLC_BI__Deposit__r","Deposits","42025146441239655","LLC_BI__Deposit__c","","","0.0","false","","false"
"a2H5e000000IJrFEAW","","SC-000011298","2021-06-18T13:03:13.000Z","0055e000003ZErQAAW","2021-10-10T18:06:17.000Z","0055e000003ZErQAAW","","","","a2F5e000000553SEAQ","1.01","","a2C5e0000009dcREAQ","","","Authorized Signers","42528894637418645","LLC_BI__Loan__c","","","","false","","false"
"a2H5e000000IJrGEAW","","SC-000011299","2021-06-18T13:03:13.000Z","0055e000003ZErQAAW","2021-10-10T18:06:17.000Z","0055e000003ZErQAAW","","","","a2F5e000000553SEAQ","2.01","","a2C5e0000009dcSEAQ","a2H5e000000IJrFEAW","LLC_BI__Legal_Entities__r","","42487369897309172","LLC_BI__Legal_Entities__c","","","","false","","false"
"a2H5e000000IJrHEAW","","SC-000011300","2021-06-18T13:03:13.000Z","0055e000003ZErQAAW","2021-10-10T18:06:17.000Z","0055e000003ZErQAAW","","","","a2F5e000000553SEAQ","3.01","Credit_Memo_Standard_Loan","a2C5e0000009dcTEAQ","a2H5e000000IJrGEAW","LLC_BI__Contingent_Liabilties__r","","42622270435923441","LLC_BI__Contingent_Liabilty__c","","","","false","","false"
"a2H5e000000IJrIEAW","","SC-000011301","2021-06-18T13:03:13.000Z","0055e000003ZErQAAW","2021-10-10T18:06:17.000Z","0055e000003ZErQAAW","","","","a2F5e000000553YEAQ","1.01","","a2C5e0000009dcUEAQ","","","","42188032015519787","LLC_BI__Loan__c","","","","false","","false"
"a2H5e000000IJrJEAW","","SC-000011302","2021-06-18T13:03:13.000Z","0055e000003ZErQAAW","2021-10-10T18:06:17.000Z","0055e000003ZErQAAW","","","","a2F5e000000553YEAQ","2.01","Credit_Memo_Standard_Loan","a2C5e0000009dcVEAQ","a2H5e000000IJrIEAW","LLC_BI__Legal_Entities__r","","42266456899573244","LLC_BI__Legal_Entities__c","","","","false","","false"
"a2H5e000000IJrKEAW","","SC-000011303","2021-06-18T13:03:13.000Z","0055e000003ZErQAAW","2021-10-10T18:06:17.000Z","0055e000003ZErQAAW","","","","a2F5e000000553UEAQ","1.01","Credit_Memo_Standard_Loan","a2C5e0000009dcWEAQ","","","","4255632642729064","LLC_BI__Loan__c","","","0.0","false","","false"
"a2H5e000000IJrLEAW","","SC-000011304","2021-06-18T13:03:13.000Z","0055e000003ZErQAAW","2021-10-10T18:06:17.000Z","0055e000003ZErQAAW","","","","a2F5e000000553ZEAQ","1.01","","a2C5e0000009dcXEAQ","","","","42582536952064776","LLC_BI__Loan__c","","","","false","","false"
"a2H5e000000IJrMEAW","","SC-000011305","2021-06-18T13:03:13.000Z","0055e000003ZErQAAW","2021-10-10T18:06:17.000Z","0055e000003ZErQAAW","","","","a2F5e000000553ZEAQ","2.01","","a2C5e0000009dcYEAQ","a2H5e000000IJrLEAW","LLC_BI__Loan_Collateral__r","","42834144635923813","LLC_BI__Loan_Collateral2__c","","","","false","","false"
"a2H5e000000IJrNEAW","","SC-000011306","2021-06-18T13:03:13.000Z","0055e000003ZErQAAW","2021-10-10T18:06:17.000Z","0055e000003ZErQAAW","","","","a2F5e000000553ZEAQ","3.01","Credit_Memo_Standard_Loan","a2C5e0000009dcZEAQ","a2H5e000000IJrMEAW","LLC_BI__Collateral__r","Collateral Details","42709896442814049","LLC_BI__Collateral__c","","","","false","","false"
"a2H5e000000IJrOEAW","","SC-000011307","2021-06-18T13:03:13.000Z","0055e000003ZErQAAW","2021-10-10T18:06:17.000Z","0055e000003ZErQAAW","","","","a2F5e000000553ZEAQ","4.01","Credit_Memo_Standard_Loan","a2C5e0000009dcaEAA","a2H5e000000IJrNEAW","LLC_BI__Account_Collateral__r","Ownership","42924494993696259","LLC_BI__Account_Collateral__c","","","","false","","false"
"a2H5e000000IJrPEAW","","SC-000011308","2021-06-18T13:03:13.000Z","0055e000003ZErQAAW","2021-10-10T18:06:17.000Z","0055e000003ZErQAAW","","","","a2F5e000000553ZEAQ","4.02","Credit_Memo_Standard_Loan","a2C5e0000009dcbEAA","a2H5e000000IJrNEAW","LLC_BI__Loan_Collateral2__r","Loans","42115166193824753","LLC_BI__Loan_Collateral2__c","","","","false","","false"
"a2H5e000000IJrQEAW","","SC-000011309","2021-06-18T13:03:13.000Z","0055e000003ZErQAAW","2021-10-10T18:06:17.000Z","0055e000003ZErQAAW","","","","a2F5e000000553ZEAQ","4.03","Credit_Memo_Standard_Loan","a2C5e0000009dccEAA","a2H5e000000IJrNEAW","LLC_BI__Liens__r","Liens","42151863069442546","LLC_BI__Lien__c","","","","false","","false"
"a2H5e000000IJrREAW","","SC-000011310","2021-06-18T13:03:13.000Z","0055e000003ZErQAAW","2021-10-10T18:06:17.000Z","0055e000003ZErQAAW","","","","a2F5e000000553eEAA","1.01","","a2C5e0000009dcdEAA","","","","42069098264348019","LLC_BI__Loan__c","","","","false","","false"
"a2H5e000000IJrSEAW","","SC-000011311","2021-06-18T13:03:13.000Z","0055e000003ZErQAAW","2021-10-10T18:06:17.000Z","0055e000003ZErQAAW","","","","a2F5e000000553eEAA","2.01","Credit_Memo_Standard_Loan","a2C5e0000009dceEAA","a2H5e000000IJrREAW","LLC_BI__Participations__r","","42868150488405273","LLC_BI__Participation__c","","","","false","","false"
"a2H5e000000IJrTEAW","","SC-000011312","2021-06-18T13:03:13.000Z","0055e000003ZErQAAW","2021-10-10T18:06:17.000Z","0055e000003ZErQAAW","","","","a2F5e000000553bEAA","1.01","","a2C5e0000009dcfEAA","","","","42353585235365778","LLC_BI__Loan__c","","","","false","","false"
"a2H5e000000IJrUEAW","","SC-000011313","2021-06-18T13:03:13.000Z","0055e000003ZErQAAW","2021-10-10T18:06:17.000Z","0055e000003ZErQAAW","","","","a2F5e000000553bEAA","2.01","","a2C5e0000009dcgEAA","a2H5e000000IJrTEAW","LLC_BI__Loan_Covenants__r","","42379894206332541","LLC_BI__Loan_Covenant__c","","","","false","","false"
"a2H5e000000IJrVEAW","","SC-000011314","2021-06-18T13:03:13.000Z","0055e000003ZErQAAW","2021-10-10T18:06:17.000Z","0055e000003ZErQAAW","","","","a2F5e000000553bEAA","3.01","Credit_Memo_Standard_Loan","a2C5e0000009dchEAA","a2H5e000000IJrUEAW","LLC_BI__Covenant2__r","Covenant Details","42133531062759470","LLC_BI__Covenant2__c","","","","false","","false"
"a2H5e000000IJrWEAW","","SC-000011315","2021-06-18T13:03:13.000Z","0055e000003ZErQAAW","2021-10-10T18:06:17.000Z","0055e000003ZErQAAW","","","","a2F5e000000553bEAA","4.01","Credit_Memo_Standard_Loan","a2C5e0000009dciEAA","a2H5e000000IJrVEAW","LLC_BI__Account_Covenants__r","Ownership","42378670722534804","LLC_BI__Account_Covenant__c","","","","false","","false"
"a2H5e000000IJrXEAW","","SC-000011316","2021-06-18T13:03:13.000Z","0055e000003ZErQAAW","2021-10-10T18:06:17.000Z","0055e000003ZErQAAW","","","","a2F5e000000553bEAA","4.02","Credit_Memo_Standard_Loan","a2C5e0000009dcjEAA","a2H5e000000IJrVEAW","LLC_BI__Loan_Covenants__r","Loans","42863011860242359","LLC_BI__Loan_Covenant__c","","","","false","","false"
"a2H5e000000IJrYEAW","","SC-000011317","2021-06-18T13:03:13.000Z","0055e000003ZErQAAW","2021-10-10T18:06:17.000Z","0055e000003ZErQAAW","","","","a2F5e000000553cEAA","1.01","","a2C5e0000009dckEAA","","","","42103407819983163","LLC_BI__Loan__c","","","","false","","false"
"a2H5e000000IJrZEAW","","SC-000011318","2021-06-18T13:03:13.000Z","0055e000003ZErQAAW","2021-10-10T18:06:17.000Z","0055e000003ZErQAAW","","","","a2F5e000000553cEAA","2.01","Credit_Memo_Standard_Loan","a2C5e0000009dclEAA","a2H5e000000IJrYEAW","LLC_BI__Third_Party_Reports__r","","42920690482517461","LLC_BI__third_party_report__c","","","","false","","false"
"a2H5e000000IJraEAG","","SC-000011319","2021-06-18T13:03:13.000Z","0055e000003ZErQAAW","2021-10-10T18:06:17.000Z","0055e000003ZErQAAW","","","","a2F5e000000553TEAQ","1.01","","a2C5e0000009dcmEAA","","","","42244345399523765","LLC_BI__Loan__c","","","","false","","false"
"a2H5e000000IJrbEAG","","SC-000011320","2021-06-18T13:03:13.000Z","0055e000003ZErQAAW","2021-10-10T18:06:17.000Z","0055e000003ZErQAAW","","","","a2F5e000000553TEAQ","2.01","Credit_Memo_Standard_Loan","a2C5e0000009dcnEAA","a2H5e000000IJraEAG","LLC_BI__Loan_Teams__r","","42263204757329407","LLC_BI__LoanTeam__c","","","","false","","false"
"a2H5e000000IJrcEAG","","SC-000011321","2021-06-18T13:03:13.000Z","0055e000003ZErQAAW","2021-10-10T18:06:17.000Z","0055e000003ZErQAAW","","","","a2F5e000000553dEAA","1.01","","a2C5e0000009dcoEAA","","","","42785817278165233","LLC_BI__Loan__c","","","","false","","false"
"a2H5e000000IJrdEAG","","SC-000011322","2021-06-18T13:03:13.000Z","0055e000003ZErQAAW","2021-10-10T18:06:17.000Z","0055e000003ZErQAAW","","","","a2F5e000000553dEAA","2.01","Credit_Memo_Standard_Loan","a2C5e0000009dcpEAA","a2H5e000000IJrcEAG","LLC_BI__Fees__r","","42421113731397276","LLC_BI__Fee__c","","","","false","","false"
"a2H5e000000IJreEAG","","SC-000011323","2021-06-18T13:03:13.000Z","0055e000003ZErQAAW","2021-10-10T18:06:17.000Z","0055e000003ZErQAAW","","","","a2F5e000000553VEAQ","1.01","","a2C5e0000009dcqEAA","","","","42066392962349048","LLC_BI__Loan__c","","","","false","","false"
"a2H5e000000IJrfEAG","","SC-000011324","2021-06-18T13:03:13.000Z","0055e000003ZErQAAW","2021-10-10T18:06:17.000Z","0055e000003ZErQAAW","","","","a2F5e000000553VEAQ","2.01","Credit_Memo_Standard_Loan","a2C5e0000009dcrEAA","a2H5e000000IJreEAG","LLC_BI__Account__r","","42718243073957248","Account","","","","false","","false"
"a2H5e000000IJrgEAG","","SC-000011325","2021-06-18T13:03:13.000Z","0055e000003ZErQAAW","2021-10-10T18:06:17.000Z","0055e000003ZErQAAW","","","","a2F5e000000553aEAA","1.01","","a2C5e0000009dcsEAA","","","","42866667594132399","LLC_BI__Loan__c","","","","false","","false"
"a2H5e000000IJrhEAG","","SC-000011326","2021-06-18T13:03:13.000Z","0055e000003ZErQAAW","2021-10-10T18:06:17.000Z","0055e000003ZErQAAW","","","","a2F5e000000553aEAA","2.01","Credit_Memo_Standard_Loan","a2C5e0000009dctEAA","a2H5e000000IJrgEAG","LLC_BI__Policy_Exceptions__r","","42367788764857009","LLC_BI__Policy_Exception__c","","","","false","","false"
